Unnamed: 0,Unnamed: 1,Unnamed: 2,Unnamed: 3,Unnamed: 4,Unnamed: 5,Unnamed: 6,Unnamed: 7,Unnamed: 8,Unnamed: 9,Unnamed: 10,Unnamed: 11,Unnamed: 12,Unnamed: 13,Unnamed: 14,Unnamed: 15,Unnamed: 16,Unnamed: 17
,,,,,,,,,,,,,,,,,
,,,,,,,,,,,,,,,,,
,,,,,,,,,,,,,,,,,
,,,,,,,,,,,,,,,,,
, ,,,,,,,,,,,,,,,,
,Tabla 1.2,,,,,,,,,,,,,,,,
,Valor tasado medio de vivienda libre de más de cinco años de antigüedad.,,,,,,,,,,,,,,,,
,"Años: 2020, 2021, 2022 y 2023 (*)",,,,,,,,,,,,,,,,
,,,,,,,,,,,,,,,,,
,(*) Para acceder a la información de años anteriores consulte las pestañas que se encuentran en la parte inferior de este excel,,,,,,,,,,,,,,,,
,Unidad: euros / m2,,,,,,,,,,,,,,,,
,,Año 2020,,,,Año 2021,,,,Año 2022,,,,Año 2023,,,
,,(trimestre),,,,(trimestre),,,,(trimestre),,,,(trimestre),,,
,,1º,2º,3º ,4º ,1º,2º,3º ,4º ,1º ,2º,3º ,4º ,1º,2º,3º ,4º 
,TOTAL NACIONAL,1632.5,1601.1,1610.7,1614.4,1617.5,1641,1653.1,1685.5,1726.7,1732.1,1730.6000000000001,1738.9,1778.1,1782.6,1802.2,1833.1
,Andalucía,1307.7,1286.6000000000001,1284.9,1304.9,1296.7,1321.9,1345.1,1360.9,1394.3,1390.9,1407.7,1424.4,1459.6999999999998,1469.9,1495.3,1521.7
,Almería           ,1102.5,1100.4,1086.6,1110.6,1082.1,1113.8,1148.1000000000001,1152,1156.8,1145.5,1153.4,1140.2,1149.9,1169.3,1186.8,1198.1
,Cádiz             ,1359.4,1321.2,1353.3,1366.9,1360.3,1397.8,1403.9,1418.4,1437.4,1431.3,1462.5,1458.5,1500.7,1499.6,1550.2,1551.9
,Córdoba           ,1124.2,1111.6,1107.2,1121,1091.2,1098,1083.5,1081,1114.6,1107.7,1105,1107.8,1103.6,1098.9,1085.1,1109.6
,Granada           ,1103.9,1095.7,1103.5,1113.5,1122.8,1108.5,1124.9,1159,1195,1203.6,1189.6,1221.9,1217.7,1237,1246.7,1274.7
,Huelva            ,1079.4,1038.2,1063.8,1074.6,1082.4,1102.4,1116.8,1159.5,1170.7,1133.8,1159.9,1197.9,1196.3,1195.1,1196.5,1234.6
,Jaén              ,790.6,781.5,769.5,784.4,758.7,770.7,779.4,775.9,791.6,793.3,782.2,787.2,792.5,798,791.5,783.5
,Málaga            ,1805.9,1806.7,1783.8,1804.7,1796.5,1843.8,1916.4,1911.7,1972.6,2008.3,2057.5,2062.2,2140.9,2173.6,2221.6,2262.2
,Sevilla           ,1343.8,1293.9,1283.9,1319.5,1300.7,1327.9,1333.6,1370.6,1406.4,1365.5,1370,1417.5,1466.8,1460,1486.3,1526.7
,Aragón,1205.2,1168.2,1184.2,1193.2,1169,1184.3,1200.5,1227.3999999999999,1248.5,1263.2,1254.7,1278.8,1262,1275,1310.3,1322.8
,Huesca            ,1138.8,1118.3,1137.3,1149.7,1120.7,1141.3,1170.3,1164.8999999999999,1188.3,1189.5,1156.8999999999999,1180.1,1150.8,1179.3,1160.8999999999999,1200.1
,Teruel            ,773.3,743.9,725,743.7,753.2,746.6,740.4,753.8,765.5,753.9,776.4,754.5,750.3,779.5,775.9,806.3
,Zaragoza          ,1297.8,1255.4,1278.6,1285.4,1254.9,1273.8,1291.1,1330.3,1352.4,1374.7,1366.2,1398.3,1381.5,1388.3,1442.2,1445.8
,Asturias (Principado de ),1258.4,1266,1271.3,1242.6,1279.2,1280.7,1289.2,1277.3,1299.5,1316.2,1294.5,1295.9,1331.2,1357,1359.3,1342.9
,Balears (Illes),2372.1,2323.6,2374.8,2392.8,2355.2,2434.9,2485.3,2534.2,2601.2,2617.8,2662.7,2683.2,2790.3,2854.7,2908.6,2944.8
,Canarias,1529.9,1480.6000000000001,1491.2,1507.4,1494.6999999999998,1517.5,1542.3000000000002,1562.3000000000002,1590.8999999999999,1597.5,1597.8,1614.5,1666.3999999999999,1695.1000000000001,1730.8,1739
,Palmas (Las)      ,1612,1566,1571.2,1579.2,1577.8,1616.5,1620.6,1633.3,1677.9,1708.2,1699.4,1680.5,1737.3,1751.6,1785.1,1782.1
,Santa Cruz de Tenerife,1449.9,1397.9,1413.7,1437.5,1414.5,1422.6,1466.2,1492.9,1505.7,1488.9,1497.9,1549.5,1595.4,1637.7,1675.1,1694.4
,Cantabria,1453.4,1410.4,1448.2,1430.7,1439.1,1467,1478.7,1464.9,1461.9,1506.2,1554.3,1507.2,1499.1,1544.1,1560.7,1570
,Castilla y León,1032.3999999999999,1020,1020.2,1018.6,1011.4000000000001,1007.8,1025.8,1029.8,1041.1,1048.3,1040.1,1047.6,1051,1050.6999999999998,1048.1999999999998,1067.6
,Ávila             ,814.7,785.1,804.9,814.1,793.1,814.7,842.1,837.7,846.8,846.4,868.6,875.3,865.3,857,885.8,881.7
,Burgos            ,1102.7,1103.7,1096.7,1119.4,1114.6,1107.1,1119.4,1134.1,1163.7,1142.1,1170.8,1156.3,1136.7,1144.4,1129.4,1164.2
,León              ,861.1,853.1,864.1,846,851.1,832.8,855.1,843.9,869.4,862.4,865.4,868.9,866.5,881.3,866.5,884.7
,Palencia          ,950.4,936.6,937.5,924.9,897.8,899.0999999999999,926.1999999999999,886.5,908.3,942.4,913,925,949.0999999999999,944.1999999999999,958.4,927.8
,Salamanca         ,1201.7,1189.2,1181.3,1158.8,1144.5,1138.2,1174.8,1178.7,1174.4,1214.3,1193.7,1171.5,1210,1183.7,1170.9,1214.8
,Segovia           ,969.9,959.1,978.1,959.7,967.6,955.1,977,980.9,1016.8,1047.5,1022.4,1054.9,1096.7,1086.3,1096.1,1137.8
,Soria             ,937.7,909.2,923,891.1,901.9,867.3,899.7,863,892.8,916.7,887.2,903.9,915.7,927.3,890.8,924.1
,Valladolid        ,1245.4,1213.7,1208,1227.3,1217.4,1248.7,1251.7,1285.8,1275.1,1287.1,1246.2,1286.9,1271.1,1274.5,1278.1,1303.7
,Zamora            ,825.8,851.1,819.9,841.9,829.8,799.2,788.3,813,795.6,782.2,785.6,791.8,802,809.5,823,800.8
,Castilla-La Mancha,868.5,850.4,870.6,881.7,865.6,877.4000000000001,882.3000000000001,891.8,908.6999999999999,908.3,908.1999999999999,914.3000000000001,922.8000000000001,933.5,941.9,936.8
,Albacete          ,889.2,884.2,896.7,908.3,891.9,916.2,899,913.8,919.6,928.8,923,928.8,944.1,945.1,978.8,978.4
,Ciudad Real       ,726.7,700.7,713.8,726.3,718.9,706.5,708,710.6,725.5,728.4,714.6,725,718,703.2,715.7,708.4
,Cuenca            ,748.6,750.5,771.5,770.3,757.3,783.3,762.6,792.4,769.1,791.6,789.6,765,742.5,768.7,777.4,774.9
,Guadalajara       ,1112.4,1085,1113.9,1129.7,1106.1,1114.1,1140.6,1132.6,1173.8,1189,1227.9,1237.2,1251.3,1273.2,1283.6,1276.7
,Toledo            ,832.5,812.1,836,848.2,828.4,847.2,864.6,876.8,902.6,881,877.8,889.9,916,939.5,932.1,927.7
,Cataluña,2025.4,1981.6999999999998,1994,1986.7,2010.7,2035.3000000000002,2030.7,2083.1,2154.1,2132.2,2120.9,2136.6000000000004,2178.9,2163.5,2189.4,2225.2
,Barcelona,2404.1,2356.1,2359.1,2346.9,2383.4,2398.5,2388.8,2445.6,2529.6,2503.1,2498.7,2516,2560.9,2535.7,2565.2,2604.5
,Girona,1543.2,1495.2,1530.5,1529.5,1522.3,1575.4,1578,1632,1684.8,1679.4,1660,1662,1718,1744.2,1753.8,1768.2
,Lleida,989.2,990.4,981.8,968.9,993.9,1023.8,989,1030.6,1058.9,1051.8,1024.5,1049.4,1071.3,1047.6,1063.1,1091.3
,Tarragona,1254.2,1215.4,1253.6,1264.5,1257,1293.1,1316.3,1352.5,1398.1,1374.5,1337.1,1354.8,1375.2,1369.8,1395.8,1437.8
,Comunidad Valenciana,1205.8000000000002,1175.5,1200.3,1210.1,1212.7,1237,1246.5,1285.8,1312.8,1307.3999999999999,1304.4,1308.3,1355.6,1361.9,1389.8,1425.2
,Alicante/Alacant,1284.3,1251,1272.5,1282.9,1289.9,1310.3,1330.6,1363.6,1401.7,1389.4,1401.9,1390.2,1442.5,1450.5,1489.4,1518.8
,Castellón/Castelló,1039.5,1030,1051.2,1049.9,1035,1051.8,1083.9,1105.1,1089.5,1083.8,1062.8,1065.5,1095.9,1090.6,1127.6,1128
,Valencia/València,1178.7,1145.1,1174.4,1187.6,1191.1,1222.1,1214.9,1266.1,1294.3,1295.3,1282.6,1301.8,1347.1,1354.8,1369.5,1420.7
,Extremadura,865.5,847.7,841.6,850.3,830.8,841.5999999999999,854.6999999999999,861,862.1,873.8,864.6999999999999,860.5,876.9,873,864.7,880.4
,Badajoz           ,873,856.2,845.4,861.2,838,857.1,869,865.3,880.4,898.3,889.7,876.6,897.4,891.1,896,905
,Cáceres           ,855.6,836.3,836.5,835.5,820.8,820.3,835.1,855.5,835.4,837.7,827.9,837.4,848.3,847.9,820.7,846.2
,Galicia,1191.1,1178.1,1193.8999999999999,1198.7,1202.8,1198.8,1204.6000000000001,1217.5,1229.7,1258.7,1259.6000000000001,1248.6000000000001,1278.1,1284.4,1295.2,1304.3999999999999
,Coruña (A),1226.6,1228,1240.6,1248.9,1253.6,1248.3,1267.7,1259.7,1263.9,1292.5,1305.6,1300,1327,1336.6,1340.5,1353.1
,Lugo,834.9,831.5,848.1,864.8,847.7,869.3,872.7,886.2,881.4,905.2,892.6,873.1,906.8,920.1,953.6,940.6
,Ourense,937.5,910.8,908,913.6,889.8,884.9,884.8,903.1999999999999,915.5999999999999,925.9,929,928.9,958.1999999999999,959.4,935.6999999999999,926.0999999999999
,Pontevedra,1264.1,1237.6,1264.8,1259.8,1281.8,1268.7,1261.2,1296.4,1325.2,1362.2,1353.4,1337,1369.2,1372.1,1396.6,1415.8
,Madrid (Comunidad de),2629.4,2579.4,2600.2,2564.4,2590.8,2652.3,2675.6,2750.3,2838.5,2889.8,2863.7,2874.8,2966.1,2963.8,2990.4,3067.8
,Murcia (Región de),975.1,940.9,950.1,970.7,973.4,993.3,978.7,1020.2,1038.6,1009.4,1023.0999999999999,1017.8,1040.6,1022.5999999999999,1047.3,1087.7
,Navarra (Comunidad Foral de),1420,1379.3,1379.3,1393.2,1405.4,1395.6,1413,1444.8,1501.3,1507.7,1489.8,1534.1,1541.6,1563.5,1550.3,1584.9
,País Vasco,2392.7,2382.1,2334,2384.5,2422,2423,2412.5,2448.2999999999997,2496.9,2492.7000000000003,2516.6,2508.5,2533.6,2539.8,2519.3,2555.4
,Araba/Alava,1934,1936.9,1908.6,1953,2004.4,1999.6,1965.3,2026.5,1973.7,2036,2032.1,2021.3,2062.2,2066.6,2084.4,2097.3
,Gipuzkoa,2698.2,2659.7,2644.8,2689.6,2726.7,2741.2,2726,2759.6,2811.8,2787,2830.8,2865.6,2931.6,2857.4,2842.1,2894.1
,Bizkaia,2340.3,2342.3,2268.3,2323.6,2361.7,2355.9,2354.4,2384.3,2456.8,2447,2467.5,2437.4,2437.1,2487.8,2455,2488.6
,Rioja (La),1080.4,1053,1066.1,1087.2,1054.6,1064.6,1086.5,1074.8,1104.6,1131.3,1107.4,1116.9,1141.8,1159.6,1190.1,1173.3
,Ceuta y Melilla,1657,1671.4,1717.7,1692.8000000000002,1689.3,1716.4,1720.6000000000001,1681.5,1747.8,1784.4,1779.5,1810.1000000000001,1785.8,1814.3,1852.8999999999999,1812.5
,Ceuta,1728.2,1730,1787.4,1763.5,1772.8,1781.3,1779.1,1730.9,1796.7,1836.3,1833.7,1838.2,1809.4,1849.8,1849.7,1809.8
,Melilla,1606.3,1633.1,1668.4,1641.5,1629.2,1674.5,1684.6,1653.8,1721.2,1754.9,1747.6,1803.6,1782.4,1798.9,1873.8,1831.4
